,author_name
0,NirpUmbrella
1,MaxwellHillbilly
2,DiggleDaddy666
3,UnseenMaDaFaKa
4,ThirdPartyMechanic
5,Aggressive_Initial_9
6,Tron7Anon
7,GeneralCarlosQ17
8,ReWildingOfMen
9,Whole-Software-3505
10,Gavinlln1
11,Settlemente
12,WizRainparanormal
13,4esterField
14,EthanIndigo
15,Alive-Ad-4164
16,Harpo1988
17,Ling_B
18,n4bb
19,dramaticfantasy
20,poonafish78
21,Doppiedoodle
22,JimAtEOI
23,0naptoon
24,Frasenarinteupptagen
25,richyfingers99
26,penis_malinis
27,SryMny23
28,MaxHeadroomFlux
29,EurekaStockade
30,Ok-Increase4395
31,peterPLAGUErat
32,willgrap
33,MarkMindy
34,Appropriate_Being467
35,camefromxbox
36,FlyGateIsReal
37,ninjaroot
38,hjkfttu
39,2201992
40,2Rich4Youu
41,Serious-Comment5648
42,TheKrunkernaut
43,Withyourfeetintheair
44,AnythingWillHappen
45,ItsameaLuiggi
46,freedomlovingone
47,war_reporter77
48,Frosty_Value5767
49,Pandeism
50,FasterBets156
51,Armadillobod
52,CompetitionMiddle358
53,Simple-Trifle6005
54,Liquidrome
55,Disgusting_Ad5725
56,ChickenKokachi
57,robertelee1986
58,optiglitch
59,Mick2022
60,jiujiuberry
61,ConspiracyJustin
62,Heavy-Wolverine-2278
63,Sh33pleHerder
64,T_mas_
65,CryptoDApper
66,PalatableMahogany
67,Phil_Red_Apple
68,KermitsLegion
69,Zealousideal-Ad1181
70,Hurelsug
71,Ripheus23
72,asorr12
73,ckjag
74,Renske5060
75,playsmartlogic
76,IcyCartoonist1955
77,Widener6408
78,Guy-Tha-Lizard
79,thedowcast
80,hardcore_gamer1
81,Mossad_CIA_Shill
82,LigmaBalls-420
83,yuri_bezmenov1
84,Libraryitarian
85,tondollari
86,liberty4now
87,PersonalBuy0
88,lboog423
89,YourFunnyUncle
90,0SlimShady0
91,Exciting_Director107
92,anarchyart2021
93,myassislazy
94,SaltAttic
95,erin214
96,Either-Effect-6942
97,yellowsnow2
98,RandomVarsityJacket
99,Avaka27
100,Powerisinthepresent
101,MackSix
102,scalesfell
103,PorkfatWilly
104,gthrees
105,AppropriateEffect
106,KundalinirRZA
107,deathjellie
108,misschelleu
109,Arrellis369
110,luigirovatti1
111,ShotHotDesign
112,knotty1999
113,HELPMELEARNMORE
114,Affectionate_Lie_608
115,daphh_17
116,MightyCasey
117,postonrddt
118,Trizmagestus
119,Rex-Revolt
120,Novel_Finger2370
121,TheCrazyAcademic
122,FeelsAmazingManGun
123,NuclearPlayboy
124,KramerFone
125,Fact-check_my_friend
126,1Truth4Life
127,Far_Refrigerator6682
128,hands_can
129,zoomercoomer9000
130,thesd123
131,none
132,iamkuljuarenot
133,MenuComprehensive508
134,jp944
135,OberonsTitan
136,spock23
137,_jm85
138,Psychological-Tea787
139,7fingered_friend
140,rushmilz
141,Pimpjuice2
142,DEFCON_moot
143,Fit-Inspector-2315
144,innerpurification
145,ianblank
146,peacefulshit9
147,WillowShoddy7846
148,JosephBrown2000
149,N0body_In_P4rticular
150,heemeyerism
151,Inokae2345
152,TheGame81677
153,endlessloopsofwhy
154,Memez131313
155,michhmacc420
156,EstablishmentFree611
157,Jax_Gatsby
158,poopymakemehappy
159,warsoftheroses2
160,denistina07
161,Implacable_Gaze
162,vinniS
163,MysticInept
164,mojav26
165,ssilBetulosbA
166,JamesTheJerk
167,magneticreversal
168,CuddlyArachnid
169,Ryclifford
170,DavidSeamanAMA
171,KnibbHighPromKing
172,Morenob1
173,Blue_Hideo
174,gonCrazy13
175,lovedbymillions
176,JoelSnape
177,Joe_LeFlores
178,blazindekutree
179,ringopendragon
180,trollcrusher33
181,jaaaaylm
182,UK-WalkAway
183,richmoney46
184,Cool_Ratio_4741
185,Vivid_Adeptness
186,Lee_Henry_Oswald
187,SignalNovel604
188,BBJackie
189,OhNoNoNoAveMaria
190,Halvecarb
191,CoralBalloon
192,Yorkshire80
193,Chozeninfinity
194,AntonioWakardo1
195,AddventureThyme
196,_forum_mod
197,Puffin_fan
198,peacepiper5
199,2C104
200,RGBchocolate
201,YaredYahu
202,torebek
203,jennyfromtheblock777
204,RogerWilco357
205,Cautious-Cucumber-30
206,0ldManFrank
207,CilliatoKoltem77
208,Live_Kaleidoscope222
209,adamworth33
210,ReviraeVolta1111
211,TheNewColumbo
212,Eintalu_PhD
213,MindshockPod
214,rekzkarz
215,SgtBrutalisk
216,ogobeone
217,Unlucky_Excitement92
218,InfiniteHeartBeing
219,DogCat_9920
220,nowayitstoast
221,sureyoucan236
222,DefenderOfMontrocity
223,SchillerandHavoc
224,International_Poet47
225,Dhylan
226,curlyadam
227,No_Witness_1417
228,Swingset8869
229,ultimatefighting
230,Phantomings
231,Ouroboros612
232,Captainmanic
233,w1ndyshr1mp
234,typhoon90
235,NeedScienceProof
236,lorraine_x8711
237,DevilmanWunsen
238,Woodchipper_AF
239,HibikiSS
240,chrislow1776
241,DerpyMistake
242,Dull_Ad_806
243,meshflesh40
244,AffectEither1579
245,SexualDeth5quad
246,Quant2011
247,dharmayodha
248,RedPillStayInWonder
249,hummusexe
250,Janeway1109
251,Affectionate-Bed8527
252,Source_Comfortable
253,Yingxiang
254,UnifiedQuantumField
255,purplepally1
256,unknowmgirl
257,TheOneTrueObama1
258,world-wide-wizard
259,Sade1994
260,divinefadedparrot
261,arnott
262,Scarredsoul11
263,MakruchaLT
264,forkingthunder
265,Swaggysagesi6pths
266,cassioirl
267,CathiCrouse
268,Americatheretard
269,Crypto_is_Hard
270,613Thoth
271,Mysterious-Bat-2069
272,THhhaway
273,CatEyes420
274,A_R_K_S
275,walterherbst
276,Gr8Kahli
277,NewsFan2018
278,IamNotStupidUR
279,somebody-in
280,Fishindad207
281,Independent-Resist14
282,ultrasuperthrowaway
283,Voiyce
284,alwaysthinking182
285,iHateSedii
286,socially_flammable
287,baconn
288,xdMustache
289,Mwk01
290,Enough_Development73
291,Penny1974
292,Draculas_Ghost
293,Comrade_Zamir_Gotta
294,lakesidelouis
295,Imabananacabana
296,bigbadbruins92
297,keepgod
298,carnage11eleven
299,ortal111
300,Child_of_Bhaal
301,a4mula
302,PogresnaDusica
303,olivia_b_
304,jdiditok
305,SetComfortable5399
306,sombersusie72
307,LO5t1n5PACE
308,cherrybombfield
309,WolfStreet2024
310,Mp3dee
311,RexAndTheChemTrails
312,milton_freedman
313,element_115
314,skywizardsky
315,PropheciesExposed
316,theaveragepepper
317,okherespunderwall
318,cuates_un_sol
319,Such_Accident_93
320,aldjfh
321,dommina
322,RickyG24
323,LilMadIrishLad
324,Immediate_Wealth616
325,Plane-Dragonfruit740
326,b34b472
327,Slimskinny89
328,ErgonomicSikorsky
329,UniversalSurvivalist
330,UglyOneHornedMule_
331,learned_cheetah
332,RadicalCereal
333,pokedoges
334,InternationalCut3569
335,ConvenientCowboy
336,SunsetsOnTheEastSide
337,TruthandLaw
338,ComfortableConcern76
339,Funny-Pin-4556
340,sjryan1
341,Undead_Epstein
342,1bir
343,almostover1
344,ohshakeme80
345,Peepeepoopoovoodoo
346,Potential_Ad_9816
347,phamoroph
348,1Cloudz9
349,choleyhead
350,FellowPhones
351,Intelligent_Be
352,Mechwarrior-
353,krom1985
354,taeyong18
355,ElToro2306
356,CiceroClocktower
357,TastelessChasm
358,TheJohnTheDoe
359,LanceHardwick
360,monkee67
361,sarahjeni
362,No_Reflect
363,Rambalamda
364,loyalladyloves
365,CEMartin2
366,Malthust
367,Vast_Blacksmith_9966
368,dawson6197
369,humonculusoculus
370,ucc2133
371,bridgeheadprod
372,mace303
373,A_Pink_Hippo
374,salvia_d
375,PaltrySeriousness
376,inghans
377,TheHiveminder
378,boo_boo_kitty_fuckk
379,mysteryseeker123
380,Littleone24_
381,RGregoryClark
382,always-paranoid
383,GypsyRoadHGHWy
384,kit8642
385,redingerforcongress
386,share-this-info
387,M416_Lover
388,ProgrammedVictory
389,StanleyBolten
390,No_violence_ever
391,verma2470
392,TowardTheNorth
393,PrestigiousWeakness2
394,augold35
395,Downtown_Lavishness8
396,MonkeyRides
397,TheExedous
398,soundwave_fan
399,_basic_bitch
400,Icy_Relief5540
401,Unitastanus
402,RevolutiOnaryMix616
403,ImprovementFair9482
404,Lionne777Sini
405,craftyshafter
406,guywhodntgiveafuck
407,Beneficial_Bad_790
408,acrazypsychnurse
409,mamajellyphish
410,fishing_in_spaceYT
411,riddimrat69
412,A_Real_Patriot99
413,Affectionate_Mall479
414,Piezo_plasma
415,Tractorista
416,Kengriffinspimp
417,RedactCapital
418,maverickLI
419,AGreatMystery
420,LagingRunaticReturns
421,bikwho
422,kencantero
423,astralrocker2001
424,dirtybellybutton
425,Caphillslinger
426,Constant-Meat8430
427,csgowtfisgoingon
428,Popular-Rest-3428
429,georgewalterackerman
430,Lyla2008
431,SwaggyAkula
432,CovidIsntReal19
433,SnooDoubts7228
434,dashingforcash
435,RagTag9899
436,bostonbean
437,FudgetBudget
438,Ky20001
439,DonAtari
440,GurlPowerr
441,NatesVlogs
442,3OkSeaworthiness9095
443,Educational_Order_61
444,ColdColdMoons
445,Aggravating_Toe8949
446,IllPossible992
447,xmister85
448,NailLivesMai
449,Remarkable-Heat-2697
450,GLOWORM110
451,Keebra
452,KaxOn440
453,what_da_hell_mel
454,Vyxen17
455,GaiusPublius
456,Masterbajurf
457,veguuz
458,eleven1eleven
459,Contact-M
460,IronEagleV
461,Flimsy-Union1524
462,New_Needleworker_851
463,Dramatic_Waltz_3645
464,Any_Recommendation82
465,madneon_
466,Gatadat
467,factsnotfeelings
468,CreativeHold7
469,chustpassinthru
470,SilverBeardedGoat
471,mullexwing
472,HumanCattle
473,zephyr-zoo
474,HannoPicardVI
475,octaviustf
476,oddministrator
477,createwonders
478,Foriegn_Picachu
479,Sufficient_Ice4933
480,Trouble-Vivid
481,Healthy_Light_7887
482,rockandheat
483,_Myxtery_
484,Weird_Werewolf_4952
485,saucezzz_
486,EmrickFe
487,Razariousnefarian
488,Twebbusthefetus
489,notacrook29
490,iinnaassttaarr
491,jonytolengo2
492,Fuck_Ethereum
493,big_hearted_lion
494,TrebekCorrects
495,guiltysigirddson45
496,jim____1
497,HomerReplacesPeter
498,trumpdiego
499,Apaps3
500,Anxious-Enthusiasm-7
501,Informal-Suit9126
502,Kill3rwill
503,HellmyBoy561
504,BrianTheBigSteppa
505,Dear-Adhesiveness-27
506,Petradonna
507,BinyaminDelta
508,7KVexus
509,alexztrie
510,OutrageousMechanic27
511,VGCreviews
512,meozabe
513,NeverGonnaStop247
514,abevigodastaint
515,illegaltolive
516,YobaiYamete
517,grupal
518,SaltBowler1188
519,JustSojourning
520,RepublicLate9231
521,MecGuy2
522,Authoritieslie
523,jwtv_
524,Grove_Sweet
525,Face_Smiley
526,LUCIENTSPEAKS
527,bugsy24781
528,LifeguardFlat2887
529,Zepanda66
530,Minotaur_Morris
531,Hour-Diet-4247
532,Cl0UTTTV
533,Apendica
534,lazylazyf
535,2foxy4blvd
536,vndrewLvis
537,SemenSpiller_
538,Oh-TheHumanity
539,Lusset
540,1SPE
541,ShoulderAny8735
542,qualityhealth101
543,raf_lapt0p
544,PazuTrumpet
545,keefus-maximus
546,888888888888880
547,Misdby1
548,Ryhen7926
549,lostplus
550,DATAProductions
551,slapMyNuke
552,Publicize
553,foundring
554,TryhardNobody
555,PeteK816
556,jwbrkr74
557,Unhappy-Tourist-4675
558,Wagamaga
559,Immediate_Constant_3
560,c00olsoc000l
561,TSCSN
562,AceKnight1
563,CitricAcidCatheter
564,Knife2MeetYouToo
565,heffalumps-n-woozles
566,dergutehirt814
567,travinyle2
568,creamboy2623
569,bobdealin
570,YoMomsHubby
